Address,Content Type,Status Code,Status,Title 1,Meta Description 1,H1-1,Canonical Link Element 1
https://www.wcag.com/,text/html; charset=UTF-8,200,OK,Web Content Accessibility Guidelines (WCAG) 💥,"WCAG.com has everything you need to know about Web Content Accessibility Guidelines (WCAG). Get the most current, accurate, & critical info in one place",Your central source for information and resources on digital accessibility and WCAG conformance,https://www.wcag.com/
https://www.wcag.com/authors/,text/html; charset=UTF-8,200,OK,Web Content Accessibility Guideline: Resources for Authors | WCAG,We explore how the Web Content Accessibility Guidelines (WCAG) impact content writing and content authors. Everything you need to know to make your web experience accessible.,Accessibility in Writing,https://www.wcag.com/authors/
https://www.wcag.com/authors/1-1-1-non-text-content/,text/html; charset=UTF-8,200,OK,1.1.1 Non-text Content (Level A),Plain language explanation of WCAG success criterion 1.1.1. Make sure images and other non-text elements on your website are accessible by including meaningful text alternatives (alt text).,1.1.1 Non-text Content (Level A),https://www.wcag.com/authors/1-1-1-non-text-content/
https://www.wcag.com/authors/1-2-2-captions-prerecorded/,text/html; charset=UTF-8,200,OK,1.2.2 Captions - Prerecorded | WCAG,What you need to know about WCAG success criteria 1.2.2 Captions. Make your digital content accessible for individuals with disabilities.,1.2.2 Captions – Prerecorded (Level A),https://www.wcag.com/authors/1-2-2-captions-prerecorded/
https://www.wcag.com/authors/1-2-3-audio-description-or-media-alternative-prerecorded/,text/html; charset=UTF-8,200,OK,Audio Description or Media Alternative | WCAG,What you need to know about WCAG success criteria 1.2.3 Audio Description or Media Alternative (Prerecorded). Make your digital content accessible for individuals with disabilities.,1.2.3 Audio Description or Media Alternative – Prerecorded (Level A),https://www.wcag.com/authors/1-2-3-audio-description-or-media-alternative-prerecorded/
https://www.wcag.com/authors/1-2-4-captions-live/,text/html; charset=UTF-8,200,OK,1.2.4 Captions - Live (Level A),What you need to know about WCAG success criteria 1.2.4 Captions (Live). Make your digital content accessible for individuals with disabilities.,1.2.4 Captions – Live (Level A),https://www.wcag.com/authors/1-2-4-captions-live/
https://www.wcag.com/authors/1-2-5-audio-description-prerecorded/,text/html; charset=UTF-8,200,OK,1.2.5 Audio Description - Prerecorded (Level A),What you need to know about WCAG success criteria 1.2.5 Audio Description (Prerecorded). Make your digital content accessible for individuals with disabilities.,1.2.5 Audio Description – Prerecorded (Level A),https://www.wcag.com/authors/1-2-5-audio-description-prerecorded/
https://www.wcag.com/authors/1-4-13-content-on-hover-or-focus/,text/html; charset=UTF-8,200,OK,WCAG 1.4.13: Creating Accessible Pop-ups and Tooltips,WCAG 1.4.13 Content on Hover or Focus (Level AA) improves the accessibility of pop-ups and tooltips. Discover best practices for meeting this success criterion.,1.4.13 Content on Hover or Focus (Level AA),https://www.wcag.com/authors/1-4-13-content-on-hover-or-focus/
https://www.wcag.com/authors/2-4-2-page-titled/,text/html; charset=UTF-8,200,OK,2.4.2 Page Titled (Level A),What you need to know about WCAG success criteria 2.4.2 Page Titled. Make your digital content accessible for individuals with disabilities.,2.4.2 Page Titled (Level A),https://www.wcag.com/authors/2-4-2-page-titled/
https://www.wcag.com/authors/2-4-6-headings-and-labels/,text/html; charset=UTF-8,200,OK,2.4.6 Headings and Labels (Level AA),What you need to know about WCAG success criteria 2.4.6 Headings and Labels. Make your digital content accessible for individuals with disabilities.,2.4.6 Headings and Labels (Level AA),https://www.wcag.com/authors/2-4-6-headings-and-labels/
https://www.wcag.com/authors/2-5-3-label-in-name/,text/html; charset=UTF-8,200,OK,WCAG 2.5.3: Improve Accessibility with Label in Name,Ensure WCAG 2.5.3 Label in Name compliance. Discover how to create matching visual and code labels for better accessibility.,2.5.3 Label in Name (Level A),https://www.wcag.com/authors/2-5-3-label-in-name/
https://www.wcag.com/authors/3-2-4-consistent-identification/,text/html; charset=UTF-8,200,OK,WCAG 3.2.4: Ensuring Consistent Identification of Elements,WCAG 3.2.4 Consistent Identification (Level AA) supports clear and intuitive navigation. Discover best practices for providing a consistent web experience.,3.2.4 Consistent Identification (Level AA),https://www.wcag.com/authors/3-2-4-consistent-identification/
https://www.wcag.com/blog/,text/html; charset=UTF-8,200,OK,Web Content Accessibility Guidelines: Blog | WCAG,,Blog,https://www.wcag.com/blog/
https://www.wcag.com/blog/content-over-images-how-does-this-ux-ui-trend-impact-accessibility/,text/html; charset=UTF-8,200,OK,Text Over Images: Accessibility & Best Practices,Boost your UX and accessibility! Learn how to avoid the pitfalls of text on images. Get the right tools for the job.,Text over images: The impact on accessibility,https://www.wcag.com/blog/content-over-images-how-does-this-ux-ui-trend-impact-accessibility/
https://www.wcag.com/blog/digital-accessibility-and-neurodiversity/,text/html; charset=UTF-8,200,OK,WCAG & Neurodiversity: Inclusive Digital Experiences,"Learn how WCAG helps users with different brain types, like autism, dyslexia, and ADHD. Learn the main rules to make digital experiences easy for everyone.",How WCAG benefits everyone: A focus on neurodiversity and accessibility,https://www.wcag.com/blog/digital-accessibility-and-neurodiversity/
https://www.wcag.com/blog/five-most-common-accessibility-errors-in-software-design-and-development/,text/html; charset=UTF-8,200,OK,Top 5 Accessibility Issues in Software Design & Development,Discover the five most common accessibility issues in software design and development and learn how to create inclusive and accessible digital products,Five Most Common Accessibility Errors in Software Design and Development,https://www.wcag.com/blog/five-most-common-accessibility-errors-in-software-design-and-development/
https://www.wcag.com/blog/good-alt-text-bad-alt-text-making-your-content-perceivable/,text/html; charset=UTF-8,200,OK,Image Alt Text for Better Accessibility | Examples & Tips 🏷️,Discover the difference between good and bad alt text. Make your content accessible and improve user experience today!,"Good Alt Text, Bad Alt Text — Making Your Content Perceivable",https://www.wcag.com/blog/good-alt-text-bad-alt-text-making-your-content-perceivable/
https://www.wcag.com/blog/how-to-make-virtual-meetings-accessible/,text/html; charset=UTF-8,200,OK,How to Make Virtual Meetings Accessible for Everyone,"Learn practical tips to ensure your virtual meetings are accessible, inclusive, and compliant with accessibility standards for all participants",How to Make Virtual Meetings Accessible,https://www.wcag.com/blog/how-to-make-virtual-meetings-accessible/
https://www.wcag.com/blog/less-is-more-writing-in-plain-language/,text/html; charset=UTF-8,200,OK,Plain Language and Accessibility | Why Less Is More,"Discover how plain language improves accessibility by simplifying content, enhancing usability, and creating inclusive experiences for all readers",Less is More: Writing in Plain Language,https://www.wcag.com/blog/less-is-more-writing-in-plain-language/
https://www.wcag.com/blog/page/2/,text/html; charset=UTF-8,200,OK,Web Content Accessibility Guidelines: Blog | WCAG,,Blog,https://www.wcag.com/blog/page/2/
https://www.wcag.com/blog/removing-digital-barriers-by-designing-for-diverse-abilities/,text/html; charset=UTF-8,200,OK,Removing Digital Barriers by Designing for Diverse Abilities | WCAG,"While making your website accessible, understand the broad range of disabilities and potential accessibility solutions related to them.",Removing Digital Barriers by Designing for Diverse Abilities,https://www.wcag.com/blog/removing-digital-barriers-by-designing-for-diverse-abilities/
https://www.wcag.com/blog/wcag-2-2-aa-summary-and-checklist-for-website-owners/,text/html; charset=UTF-8,200,OK,WCAG 2.2 | What’s new & how it improves web accessibility,WCAG 2.2 introduces new success criteria aimed at mobile accessibility and intuitive navigation. Learn more about WCAG 2.2 in this article,"WCAG 2.2: New Success Criteria, More Inclusive Content",https://www.wcag.com/blog/wcag-2-2-aa-summary-and-checklist-for-website-owners/
https://www.wcag.com/blog/web-content-accessibility-guidelines-wcag-by-the-numbers/,text/html; charset=UTF-8,200,OK,"WCAG Conformance Levels A, AA, AAA | Accessibility Standards","Discover key statistics behind WCAG, highlighting web accessibility progress, challenges, & the importance of compliance for inclusive digital experiences",Web Content Accessibility Guidelines: WCAG by the Numbers,https://www.wcag.com/blog/web-content-accessibility-guidelines-wcag-by-the-numbers/
https://www.wcag.com/blog/writing-meaningful-link-text/,text/html; charset=UTF-8,200,OK,"Accessible Link Text | Examples, Best Practices and Tips","Learn about accessible link text with examples, best practices, and common mistakes to avoid for improved web accessibility and user experience",Master the Art of Accessible Link Text,https://www.wcag.com/blog/writing-meaningful-link-text/
https://www.wcag.com/cdn-cgi/l/email-protection,text/html; charset=UTF-8,200,OK,Email Protection | Cloudflare,,Email Protection,
https://www.wcag.com/compliance/,text/html; charset=UTF-8,200,OK,Digital accessibility laws: get details on how to comply,Understanding digital accessibility laws can help your website comply and be more inclusive. Learn the guidelines that put you on the right path,Compliance Overview,https://www.wcag.com/compliance/
https://www.wcag.com/compliance/ada/,text/html; charset=UTF-8,200,OK,ADA Compliance Checklist | Make 2025 More Accessible,"ADA compliance for websites is the product of careful planning, execution, & follow-through. Learn more about achieving ADA compliance in this quick guide",ADA Compliance for Websites: A Five-Step Guide,https://www.wcag.com/compliance/ada/
https://www.wcag.com/compliance/aoda/,text/html; charset=UTF-8,200,OK,AODA compliance | Web accessibility requirements in Ontario,"Learn why AODA compliance is essential for organizations in Ontario. Plus, get AODA training tips and a checklist to start meeting the law’s standards",AODA Compliance: Digital Accessibility Requirements in Ontario,https://www.wcag.com/compliance/aoda/
https://www.wcag.com/compliance/en-301-549/,text/html; charset=UTF-8,200,OK,EN 301 549 Conformance | Accessibility Standards in Europe,EN 301 549 conformance plays a crucial role in compliance with EU accessibility laws. Read more about EN 301 549 and stay informed.,EN 301 549 Conformance: An Overview,https://www.wcag.com/compliance/en-301-549/
https://www.wcag.com/compliance/european-accessibility-act/,text/html; charset=UTF-8,200,OK,European Accessibility Act (EAA) compliance checklist,Awareness of EAA technical standards is critical to meeting the law’s accessibility requirements. Read on to learn more about EAA compliance.,The European Accessibility Act: Technical Aspects of Compliance,https://www.wcag.com/compliance/european-accessibility-act/
https://www.wcag.com/compliance/section-508/,text/html; charset=UTF-8,200,OK,Section 508 Compliance | Checklist & Tips for Websites ✅,"Section 508 compliance is mandatory for federal agencies, but it can also be an advantage for private entities. Learn more about Section 508 and its impact",Section 508 Compliance: Why Should it Matter to You?,https://www.wcag.com/compliance/section-508/
https://www.wcag.com/designers/,text/html; charset=UTF-8,200,OK,Web Content Accessibility Guideline Resources for Designers | WCAG,We explore how the Web Content Accessibility Guidelines (WCAG) impact digital design and designers. Everything you need to know to make your web experience accessible.,Designing for Accessibility,https://www.wcag.com/designers/
https://www.wcag.com/designers/1-3-3-sensory-characteristics/,text/html; charset=UTF-8,200,OK,1.3.3 Sensory Characteristics (Level A),What you need to know about WCAG success criteria1.3.3 Sensory Characteristics. Make your digital content accessible for individuals with disabilities.,1.3.3 Sensory Characteristics (Level A),https://www.wcag.com/designers/1-3-3-sensory-characteristics/
https://www.wcag.com/designers/1-3-4-orientation/,text/html; charset=UTF-8,200,OK,1.3.4 Orientation (Level AA),What you need to know about WCAG success criteria 1.3.4 Orientation. Make your digital content accessible for individuals with disabilities.,1.3.4 Orientation (Level AA),https://www.wcag.com/designers/1-3-4-orientation/
https://www.wcag.com/designers/1-4-11-non-text-contrast/,text/html; charset=UTF-8,200,OK,1.4.11 Non-text Contrast (Level AA),What you need to know about WCAG success criteria1.4.11 Non-text Contrast. Make your digital content accessible for people with disabilities.,1.4.11 Non-text Contrast (Level AA),https://www.wcag.com/designers/1-4-11-non-text-contrast/
https://www.wcag.com/designers/1-4-12-text-spacing/,text/html; charset=UTF-8,200,OK,1.4.12 Text Spacing (Level AA),What you need to know about WCAG success criteria 1.4.12 Text Spacing. Make your digital content accessible for individuals with disabilities.,1.4.12 Text Spacing (Level AA),https://www.wcag.com/designers/1-4-12-text-spacing/
https://www.wcag.com/designers/1-4-1-reflow/,text/html; charset=UTF-8,200,OK,1.4.10 Reflow (Level AA),What you need to know about WCAG success criteria 1.4.10 Reflow. Make your digital content accessible for individuals with disabilities.,1.4.10 Reflow (Level AA),https://www.wcag.com/designers/1-4-1-reflow/
https://www.wcag.com/designers/1-4-1-use-of-color/,text/html; charset=UTF-8,200,OK,1.4.1 Use of Color (Level A),What you need to know about WCAG success criteria 1.4.1 Use of Color. Make your digital content accessible for individuals with disabilities.,1.4.1 Use of Color (Level A),https://www.wcag.com/designers/1-4-1-use-of-color/
https://www.wcag.com/designers/1-4-2-audio-control/,text/html; charset=UTF-8,200,OK,1.4.2 Audio Control (Level A),What you need to know about WCAG success criteria 1.4.2 Audio Control. Make your digital content accessible for individuals with disabilities.,1.4.2 Audio Control (Level A),https://www.wcag.com/designers/1-4-2-audio-control/
https://www.wcag.com/designers/1-4-3-color-contrast/,text/html; charset=UTF-8,200,OK,1.4.3 Color Contrast (Level AA),What you need to know about WCAG success criteria 1.4.3 Color Contrast. Make your digital content accessible for individuals with disabilities.,1.4.3 Color Contrast (Level AA),https://www.wcag.com/designers/1-4-3-color-contrast/
https://www.wcag.com/designers/1-4-4-resize-text/,text/html; charset=UTF-8,200,OK,1.4.4 Resize Text (Level AA),What you need to know about WCAG success criteria 1.4.4 Resize Text. Make your digital content accessible for individuals with disabilities.,1.4.4 Resize Text (Level AA),https://www.wcag.com/designers/1-4-4-resize-text/
https://www.wcag.com/designers/1-4-5-images-of-text/,text/html; charset=UTF-8,200,OK,1.4.5 Images of Text (Level AA),What you need to know about WCAG success criteria 1.4.5 Images of Text. Make your digital content accessible for individuals with disabilities.,1.4.5 Images of Text (Level AA),https://www.wcag.com/designers/1-4-5-images-of-text/
https://www.wcag.com/designers/2-2-1-timing-adjustable/,text/html; charset=UTF-8,200,OK,2.2.1 Timing Adjustable (Level A) | WCAG,What you need to know about WCAG success criteria 2.2.1 Timing Adjustable. Make your digital content accessible for individuals with disabilities.,2.2.1 Timing Adjustable (Level A),https://www.wcag.com/designers/2-2-1-timing-adjustable/
https://www.wcag.com/designers/2-2-2-pause-stop-hide/,text/html; charset=UTF-8,200,OK,"2.2.2 Pause, Stop, Hide (Level A)","What you need to know about WCAG success criteria 2.2.2 Pause, Stop, Hide. Make your digital content accessible for people with disabilities.","2.2.2 Pause, Stop, Hide (Level A)",https://www.wcag.com/designers/2-2-2-pause-stop-hide/
https://www.wcag.com/designers/2-3-1-three-flashes-or-below-threshold/,text/html; charset=UTF-8,200,OK,2.3.1 Three Flashes or Below Threshold (Level A),Learn about WCAG success criteria 2.3.1 Three Flashes or Below Threshold. Make your digital content accessible for individuals with disabilities. Nothing on a webpage should flash more than three times in a second.,2.3.1 Three Flashes or Below Threshold (Level A),https://www.wcag.com/designers/2-3-1-three-flashes-or-below-threshold/
https://www.wcag.com/designers/2-4-13-focus-appearance/,text/html; charset=UTF-8,200,OK,WCAG 2.4.13: Focus Appearance,Learn about WCAG 2.4.13 Focus Appearance (Level AAA) and accessible focus indicators. Best practices for designing focus states that meet accessibility standards.,2.4.13 Focus Appearance (Level AAA),https://www.wcag.com/designers/2-4-13-focus-appearance/
https://www.wcag.com/designers/2-4-4-link-purpose-in-context/,text/html; charset=UTF-8,200,OK,2.4.4 Link Purpose - In Context (Level A),What you need to know about WCAG success criteria 2.4.4 Link Purpose. Make your digital content accessible for individuals with disabilities.,2.4.4 Link Purpose – In Context (Level A),https://www.wcag.com/designers/2-4-4-link-purpose-in-context/
https://www.wcag.com/designers/2-4-5-multiple-ways/,text/html; charset=UTF-8,200,OK,2.4.5 Multiple Ways (Level AA),What you need to know about WCAG success criteria 2.4.5 Multiple Ways. Make your digital content accessible for individuals with disabilities.,2.4.5 Multiple Ways (Level AA),https://www.wcag.com/designers/2-4-5-multiple-ways/
https://www.wcag.com/designers/3-2-1-on-focus/,text/html; charset=UTF-8,200,OK,3.2.1 On Focus (Level A),What you need to know about WCAG success criteria 3.2.1 On Focus. Make your digital content accessible for individuals with disabilities.,3.2.1 On Focus (Level A),https://www.wcag.com/designers/3-2-1-on-focus/
https://www.wcag.com/designers/3-2-3-consistent-navigation/,text/html; charset=UTF-8,200,OK,3.2.3 Consistent Navigation (Level AA),Plain language explanation of WCAG success criterion 3.2.3 Consistent Navigation and accessible digital content for people with disabilities.,3.2.3 Consistent Navigation (Level AA),https://www.wcag.com/designers/3-2-3-consistent-navigation/
https://www.wcag.com/designers/3-3-3-error-suggestion/,text/html; charset=UTF-8,200,OK,3.3.3 Error Suggestion (Level AA),What you need to know about WCAG success criteria 3.3.3 Error Suggestion. Make your digital content accessible for people with disabilities.,3.3.3 Error Suggestion (Level AA),https://www.wcag.com/designers/3-3-3-error-suggestion/
https://www.wcag.com/designers/3-3-4-error-prevention-legal-financial-data/,text/html; charset=UTF-8,200,OK,"3.3.4 Error Prevention - Legal, Financial, Data (Level AA)",What you need to know about WCAG success criteria 3.3.4 Error Prevention. Make your digital content accessible for individuals with disabilities.,"3.3.4 Error Prevention – Legal, Financial, Data (Level AA)",https://www.wcag.com/designers/3-3-4-error-prevention-legal-financial-data/
https://www.wcag.com/developers/,text/html; charset=UTF-8,200,OK,Web Content Accessibility Guideline Resources for Developers | WCAG,What developers need to know about the Web Content Accessibility Guidelines (WCAG) and making websites accessible.,Coding with Accessibility in Mind,https://www.wcag.com/developers/
https://www.wcag.com/developers/1-3-1-info-and-relationships/,text/html; charset=UTF-8,200,OK,1.3.1 Info and Relationships | Accessibility Best Practices,"Master WCAG 1.3.1 Info and Relationships. Learn how to structure content for accessibility, ensuring clear relationships and logical information flow",1.3.1 Info and Relationships (Level A),https://www.wcag.com/developers/1-3-1-info-and-relationships/
https://www.wcag.com/developers/1-3-2-meaningful-sequence/,text/html; charset=UTF-8,200,OK,1.3.2 Meaningful Sequence (Level A),What you need to know about WCAG success criteria 1.3.2 Meaningful Sequence. Make your digital content accessible for individuals with disabilities.,1.3.2 Meaningful Sequence (Level A),https://www.wcag.com/developers/1-3-2-meaningful-sequence/
https://www.wcag.com/developers/1-3-5-identify-input-purpose/,text/html; charset=UTF-8,200,OK,1.3.5 Identify Input Purpose (Level AA),What you need to know about WCAG success criteria 1.3.5 Identify Input Purpose. Make your digital content accessible for individuals with disabilities.,1.3.5 Identify Input Purpose (Level AA),https://www.wcag.com/developers/1-3-5-identify-input-purpose/
https://www.wcag.com/developers/2-1-1-keyboard/,text/html; charset=UTF-8,200,OK,2.1.1 Keyboard (Level A),What you need to know about WCAG success criteria 2.1.1 Keyboard. Make your digital content accessible for individuals with disabilities.,2.1.1 Keyboard (Level A),https://www.wcag.com/developers/2-1-1-keyboard/
https://www.wcag.com/developers/2-1-2-no-keyboard-trap/,text/html; charset=UTF-8,200,OK,2.1.2 No Keyboard Trap (Level A),What you need to know about WCAG success criteria 2.1.2 No Keyboard Trap. Make your digital content accessible for individuals with disabilities.,2.1.2 No Keyboard Trap (Level A),https://www.wcag.com/developers/2-1-2-no-keyboard-trap/
https://www.wcag.com/developers/2-1-4-character-key-shortcuts/,text/html; charset=UTF-8,200,OK,2.1.4 Character Key Shortcuts (Level A),What you need to know about WCAG success criteria 2.1.4 Character Key Shortcuts. Make your digital content accessible for individuals with disabilities.,2.1.4 Character Key Shortcuts (Level A),https://www.wcag.com/developers/2-1-4-character-key-shortcuts/
https://www.wcag.com/developers/2-4-12-focus-not-obscured-minimum/,text/html; charset=UTF-8,200,OK,2.4.12 Focus Not Obscured - Minimum (Level AA),Learn about WCAG success criteria 2.4.12 Not Obscured (Minimum). Make your digital content accessible for individuals with disabilities.,2.4.12 Focus Not Obscured – Minimum (Level AA),https://www.wcag.com/developers/2-4-12-focus-not-obscured-minimum/
https://www.wcag.com/developers/2-4-13-focus-not-obscured-enhanced/,text/html; charset=UTF-8,200,OK,2.4.13 Focus Not Obscured - Enhanced (Level AAA),Learn about WCAG success criteria 2.4.13 Focus Not Obscured (Enhanced). Make your digital content accessible for individuals with disabilities.,2.4.13 Focus Not Obscured – Enhanced (Level AAA),https://www.wcag.com/developers/2-4-13-focus-not-obscured-enhanced/
https://www.wcag.com/developers/2-4-1-bypass-blocks/,text/html; charset=UTF-8,200,OK,2.4.1 Bypass Blocks (Level A),What you need to know about WCAG success criteria 2.4.1 Bypass Blocks. Make your digital content accessible for individuals with disabilities.,2.4.1 Bypass Blocks (Level A),https://www.wcag.com/developers/2-4-1-bypass-blocks/
https://www.wcag.com/developers/2-4-3-focus-order/,text/html; charset=UTF-8,200,OK,2.4.3 Focus Order (Level A),What you need to know about WCAG success criteria 2.4.3 Focus Order. Make your digital content accessible for individuals with disabilities.,2.4.3 Focus Order (Level A),https://www.wcag.com/developers/2-4-3-focus-order/
https://www.wcag.com/developers/2-4-7-visible-focus/,text/html; charset=UTF-8,200,OK,2.4.7 Visible Focus (Level A),What you need to know about WCAG success criteria 2.4.7 Visible Focus. Make your digital content accessible for individuals with disabilities.,2.4.7 Visible Focus (Level A),https://www.wcag.com/developers/2-4-7-visible-focus/
https://www.wcag.com/developers/2-5-1-pointer-gestures/,text/html; charset=UTF-8,200,OK,Understanding WCAG 2.5.1 Pointer Gestures,Learn about WCAG 2.5.1 Pointer Gestures and its importance for web accessibility. Find the best ways to meet this rule and common mistakes to avoid.,Understanding WCAG 2.5.1 Pointer Gestures,https://www.wcag.com/developers/2-5-1-pointer-gestures/
https://www.wcag.com/developers/2-5-2-pointer-cancellation/,text/html; charset=UTF-8,200,OK,Understanding WCAG 2.5.2 Pointer Cancellation,Explore WCAG 2.5.2 Pointer Cancellation for web accessibility. Learn best practices and avoid common mistakes. Click to enhance your site!,Understanding WCAG 2.5.2 Pointer Cancellation,https://www.wcag.com/developers/2-5-2-pointer-cancellation/
https://www.wcag.com/developers/2-5-4-motion-actuation/,text/html; charset=UTF-8,200,OK,2.5.4 Motion Actuation (Level A),What you need to know about WCAG success criteria 2.5.4 Motion Actuation. Make your digital content accessible for individuals with disabilities.,2.5.4 Motion Actuation (Level A),https://www.wcag.com/developers/2-5-4-motion-actuation/
https://www.wcag.com/developers/2-5-7-dragging-movements/,text/html; charset=UTF-8,200,OK,2.5.7 Dragging Movements (Level AA),Learn about WCAG success criteria 2.5.7 Dragging Movements. Make your digital content accessible for individuals with disabilities.,2.5.7 Dragging Movements (Level AA),https://www.wcag.com/developers/2-5-7-dragging-movements/
https://www.wcag.com/developers/2-5-8-target-size-minimum-level-aa/,text/html; charset=UTF-8,200,OK,2.5.8 Target Size - Minimum (Level AA),Learn about WCAG success criteria 2.5.8 Target Size (Minimum). Make your digital content accessible for individuals with disabilities.,2.5.8 Target Size – Minimum (Level AA),https://www.wcag.com/developers/2-5-8-target-size-minimum-level-aa/
https://www.wcag.com/developers/3-1-1-language-of-a-page/,text/html; charset=UTF-8,200,OK,3.1.1 Language of a Page (Level A) | WCAG,What you need to know about WCAG success criteria 3.1.1 Language of a Page. Make your digital content accessible for individuals with disabilities.,3.1.1 Language of a Page (Level A),https://www.wcag.com/developers/3-1-1-language-of-a-page/
https://www.wcag.com/developers/3-1-2-language-of-parts/,text/html; charset=UTF-8,200,OK,WCAG 3.1.2 Language of Parts (Level AA),WCAG 3.1.2 requires that the language used by webpages be identifiable. Learn how to improve your website’s accuracy and accessibility.,3.1.2 Language of Parts (Level AA),https://www.wcag.com/developers/3-1-2-language-of-parts/
https://www.wcag.com/developers/3-1-5-reading-level/,text/html; charset=UTF-8,200,OK,3.1.5 Reading Level (Level AAA),What you need to know about WCAG success criteria 3.1.5 Reading Level. Make your digital content accessible for individuals with disabilities.,3.1.5 Reading Level (Level AAA),https://www.wcag.com/developers/3-1-5-reading-level/
https://www.wcag.com/developers/3-2-2-on-input/,text/html; charset=UTF-8,200,OK,3.2.2 On Input (Level A),What you need to know about WCAG success criteria 33.2.2 On Input. Make your digital content accessible for individuals with disabilities.,3.2.2 On Input (Level A),https://www.wcag.com/developers/3-2-2-on-input/
https://www.wcag.com/developers/3-2-6-consistent-help-level-a/,text/html; charset=UTF-8,200,OK,WCAG 3.2.6 Consistent Help: Reliable Support for All Users,Ensure predictable user support with WCAG 3.2.6 Consistent Help (Level A). Learn best practices for accessible help mechanisms on your website.,3.2.6 Consistent Help (Level A),https://www.wcag.com/developers/3-2-6-consistent-help-level-a/
https://www.wcag.com/developers/3-3-1-error-identification/,text/html; charset=UTF-8,200,OK,3.3.1 Error Identification (Level A),What you need to know about WCAG success criteria 3.3.1 Error Identification. Make your digital content accessible for individuals with disabilities.,3.3.1 Error Identification (Level A),https://www.wcag.com/developers/3-3-1-error-identification/
https://www.wcag.com/developers/3-3-2-labels-instructions/,text/html; charset=UTF-8,200,OK,WCAG 3.3.2 Labels or Instructions: A Guide to Accessible Forms,Learn how to create accessible online forms and ensure a seamless user experience by following best practices for labeling and providing clear instructions.,Understanding WCAG 3.3.2 Labels or Instructions,https://www.wcag.com/developers/3-3-2-labels-instructions/
https://www.wcag.com/developers/3-3-7-accessible-authentication-level-aa/,text/html; charset=UTF-8,200,OK,3.3.7 Accessible Authentication (Level AA),Learn about WCAG success criteria 3.3.7 Accessible Authentication. Make your digital content accessible for individuals with disabilities.,3.3.7 Accessible Authentication (Level AA),https://www.wcag.com/developers/3-3-7-accessible-authentication-level-aa/
https://www.wcag.com/developers/3-3-8-accessible-authentication-no-exception-level-aaa/,text/html; charset=UTF-8,200,OK,3.3.8 Accessible Authentication - No Exception (Level AAA),Learn about WCAG success criteria 3.3.8 Accessible Authentication (No Exception). Make your digital content accessible for individuals with disabilities.,3.3.8 Accessible Authentication – No Exception (Level AAA),https://www.wcag.com/developers/3-3-8-accessible-authentication-no-exception-level-aaa/
https://www.wcag.com/developers/4-1-1-parsing/,text/html; charset=UTF-8,200,OK,4.1.1 Parsing (Level A),What you need to know about WCAG success criteria 4.1.1 Parsing. Make your digital content accessible for individuals with disabilities.,4.1.1 Parsing (Level A),https://www.wcag.com/developers/4-1-1-parsing/
https://www.wcag.com/developers/4-1-2-name-role-value/,text/html; charset=UTF-8,200,OK,"4.1.2 Name, Role, Value | A Guide for Developers","Understand WCAG 4.1.2 Name, Role, Value for developers. Learn how to achieve accessible components by defining roles, names, and values correctly.","4.1.2 Name, Role, Value (Level A)",https://www.wcag.com/developers/4-1-2-name-role-value/
https://www.wcag.com/developers/4-1-3-status-messages/,text/html; charset=UTF-8,200,OK,4.1.3 Status Messages (Level AA),What you need to know about WCAG success criteria 4.1.3 Status Messages. Make your digital content accessible for individuals with disabilities.,4.1.3 Status Messages (Level AA),https://www.wcag.com/developers/4-1-3-status-messages/
https://www.wcag.com/developers/success-criterion-3-3-9-redundant-entry-level-a/,text/html; charset=UTF-8,200,OK,Success Criterion 3.3.9 Redundant Entry (Level A),What you need to know about WCAG success criteria 3.3.9 Redundant entry. Make your digital content accessible for people with disabilities.,Success Criterion 3.3.9 Redundant Entry (Level A),https://www.wcag.com/developers/success-criterion-3-3-9-redundant-entry-level-a/
https://www.wcag.com/legal/,text/html; charset=UTF-8,200,OK,Legal Compliance & Web Content Accessibility Guidelines | WCAG,How do the Web Content Accessibility Guidelines (WCAG) impact legal compliance? Read more about web accessibility and the law.,Accessibility and the Law,https://www.wcag.com/legal/
https://www.wcag.com/privacy-policy/,text/html; charset=UTF-8,200,OK,Privacy Policy,Your central source for information and resources on digital accessibility and WCAG conformance. WCAG.com is your essential online resource,Privacy Policy,https://www.wcag.com/privacy-policy/
https://www.wcag.com/resource/,text/html; charset=UTF-8,200,OK,A Guide To Web Content Accessibility Guidelines | WCAG,"A library of fact sheets, FAQs, webinars and many other resources on a broad range of WCAG, digital and web accessibility topics.",WCAG.com Resource Page,https://www.wcag.com/resource/
https://www.wcag.com/resource/digital-accessibility-myths-facts/,text/html; charset=UTF-8,200,OK,Digital Accessibility Myths & Facts,"We address common myths when it comes to WCAG, helping you create digital content that's accessible for all.",Digital Accessibility Myths & Facts,https://www.wcag.com/resource/digital-accessibility-myths-facts/
https://www.wcag.com/resource/ui-quick-tips-for-designers/,text/html; charset=UTF-8,200,OK,UI Quick Tips for Designers | Accessible Design Guide,"Discover essential UI tips for designers to create accessible, user-friendly designs. Enhance inclusivity and usability with these quick, practical tips",UI Quick Tips for Designers,https://www.wcag.com/resource/ui-quick-tips-for-designers/
https://www.wcag.com/resource/ux-quick-tips-for-designers/,text/html; charset=UTF-8,200,OK,UX Accessibility Tips for Designers,UX designers play an integral role in digital accessibility. Discover practical tips designers can use to create inclusive digital experiences in 2025.,Essential UX Accessibility Tips for Designers in 2025,https://www.wcag.com/resource/ux-quick-tips-for-designers/
https://www.wcag.com/resource/wcag-quick-tips-for-content-writers/,text/html; charset=UTF-8,200,OK,WCAG Quick Tips for Content Writers,"Writing in plain language, providing clear instructions and page titles and other important guidance and tips for content writers.",WCAG Quick Tips for Content Writers,https://www.wcag.com/resource/wcag-quick-tips-for-content-writers/
https://www.wcag.com/resource/wcag-quick-tips-for-developers/,text/html; charset=UTF-8,200,OK,WCAG Quick Tips for Developers | Build Accessible Websites,"Learn key WCAG tips for developers to enhance website accessibility. Follow these quick, actionable guidelines for inclusive web development.",WCAG Quick Tips for Developers,https://www.wcag.com/resource/wcag-quick-tips-for-developers/
https://www.wcag.com/resource/web-accessibility-training-videos-and-webinars/,text/html; charset=UTF-8,200,OK,Web Accessibility Training Videos and Webinars,"PowerPoint presentations, webinars and training videos on how to make your website accessible while conforming to WCAG.",Web Accessibility Training Videos and Webinars,https://www.wcag.com/resource/web-accessibility-training-videos-and-webinars/
https://www.wcag.com/resource/what-is-wcag/,text/html; charset=UTF-8,200,OK,A Guide to WCAG | Web Accessibility Guidelines Overview 📙,"Gain a working knowledge of WCAG standards, including conformance levels and how these guidelines relate to critical accessibility laws like the ADA",WCAG 101: Understanding the Web Content Accessibility Guidelines,https://www.wcag.com/resource/what-is-wcag/
https://www.wcag.com/solutions/,text/html; charset=UTF-8,200,OK,Accessibility Solutions for Websites | WCAG,,Solutions,https://www.wcag.com/solutions/
https://www.wcag.com/solutions/accessibility-checker/,text/html; charset=UTF-8,200,OK,Website Accessibility Checker | Fast Web Audit Tool,Learn how accessibility checkers help achieve ADA compliance and create inclusive digital experiences. Compare top tools and discover best practices.,Comprehensive Guide to Accessibility Checkers & Inclusion,https://www.wcag.com/solutions/accessibility-checker/
https://www.wcag.com/solutions/automated-remediation/,text/html; charset=UTF-8,200,OK,Accessibility Remediation: A Complete Guide for 2025,"Make your digital content accessible with manual and automated remediation. Explore tools, strategies, and ADA compliance best practices.",Automated Remediation: Accelerating Digital Accessibility,https://www.wcag.com/solutions/automated-remediation/
https://www.wcag.com/solutions/vpat-accessibility-documentation/,text/html; charset=UTF-8,200,OK,VPAT Report: Essential Accessibility Documentation for 2025 ,"Discover what a VPAT is, why it matters for digital accessibility, and how to create effective accessibility documentation that meets compliance standards.",Understanding the VPAT: A Complete Guide to Accessibility Documentation in 2025,https://www.wcag.com/solutions/vpat-accessibility-documentation/
https://www.wcag.com/solutions/why-contrast-checkers-matter-for-web-accessibility/,text/html; charset=UTF-8,200,OK,Color Contrast Checker | Web Design Tips & Mistakes to Avoid,Learn how to use contrast checkers for accessible web design. Discover best practices and guidelines for creating inclusive digital experiences.,Why Contrast Checkers Matter for Web Accessibility,https://www.wcag.com/solutions/why-contrast-checkers-matter-for-web-accessibility/
https://www.wcag.com/wcag-com-accessibility-statement/,text/html; charset=UTF-8,200,OK,WCAG.com Accessibility Statement,Steps we have taken to make the WCAG Website accessible for people with disabilities. Part of our accessibility endeavor.,WCAG.com Accessibility Statement,https://www.wcag.com/wcag-com-accessibility-statement/
